timestamp,open,high,low,close,volume
2025-08-15T10:00:00Z,30000.0,30003.8,29998.5,29998.8,9.4
2025-08-15T10:01:00Z,29998.8,30001.6,29997.8,30001.6,10.9
2025-08-15T10:02:00Z,30001.6,30002.3,29999.3,30002.3,11.3
2025-08-15T10:03:00Z,30002.3,30006.9,29998.7,30000.2,12.7
2025-08-15T10:04:00Z,30000.2,30004.0,29995.9,29997.4,13.7
2025-08-15T10:05:00Z,29997.4,29999.7,29994.2,29995.9,13.5
2025-08-15T10:06:00Z,29995.9,29996.7,29993.4,29995.8,13.3
2025-08-15T10:07:00Z,29995.8,29998.7,29994.9,29998.7,14.2
2025-08-15T10:08:00Z,29998.7,30000.8,29996.9,30000.8,12.9
2025-08-15T10:09:00Z,30000.8,30005.1,29997.0,29998.8,13.1
2025-08-15T10:10:00Z,29998.8,30001.0,29998.2,29998.8,12.4
2025-08-15T10:11:00Z,29998.8,30001.7,29997.4,30001.7,11.0
2025-08-15T10:12:00Z,30001.7,30004.6,30001.0,30001.0,10.8
2025-08-15T10:13:00Z,30001.0,30002.8,29998.8,29998.8,8.9
2025-08-15T10:14:00Z,29998.8,30003.7,29998.6,30000.1,7.9
2025-08-15T10:15:00Z,30000.1,30004.9,29999.1,29999.7,6.6
2025-08-15T10:16:00Z,29999.7,30000.3,29996.0,30000.1,7.9
2025-08-15T10:17:00Z,30000.1,30002.0,29999.4,30000.7,7.9
2025-08-15T10:18:00Z,30000.7,30002.4,29996.1,29998.3,8.0
2025-08-15T10:19:00Z,29998.3,29999.2,29996.5,29996.5,9.8
2025-08-15T10:20:00Z,29996.5,29998.3,29994.0,29994.6,8.4
2025-08-15T10:21:00Z,29994.6,29997.9,29990.6,29996.7,7.5
2025-08-15T10:22:00Z,29996.7,30001.0,29992.3,29998.4,5.9
2025-08-15T10:23:00Z,29998.4,29999.0,29995.2,29998.0,4.6
2025-08-15T10:24:00Z,29998.0,30001.8,29996.1,29999.4,4.5
2025-08-15T10:25:00Z,29999.4,29999.7,29997.1,29998.6,3.3
2025-08-15T10:26:00Z,29998.6,29999.0,29995.9,29997.5,5.2
2025-08-15T10:27:00Z,29997.5,30001.6,29996.1,29996.3,6.5
2025-08-15T10:28:00Z,29996.3,29996.9,29994.7,29996.9,6.6
2025-08-15T10:29:00Z,29996.9,29999.5,29994.9,29994.9,4.9
2025-08-15T10:30:00Z,29994.9,29998.9,29993.2,29993.2,5.1
2025-08-15T10:31:00Z,29993.2,29995.3,29989.4,29995.3,4.2
2025-08-15T10:32:00Z,29995.3,29999.5,29990.6,29995.2,5.6
2025-08-15T10:33:00Z,29995.2,29998.8,29993.7,29993.7,6.7
2025-08-15T10:34:00Z,29993.7,29998.1,29991.1,29994.7,6.8
2025-08-15T10:35:00Z,29994.7,29998.8,29990.0,29992.1,6.7
2025-08-15T10:36:00Z,29992.1,29994.1,29988.7,29990.2,6.4
2025-08-15T10:37:00Z,29990.2,29994.6,29985.9,29989.5,5.7
2025-08-15T10:38:00Z,29989.5,29993.7,29986.6,29991.3,5.4
2025-08-15T10:39:00Z,29991.3,29992.0,29988.7,29992.0,4.8
2025-08-15T10:40:00Z,29992.0,29994.7,29990.6,29990.6,3.0
2025-08-15T10:41:00Z,29990.6,29993.4,29986.4,29988.6,2.1
2025-08-15T10:42:00Z,29988.6,29990.1,29988.1,29989.2,3.6
2025-08-15T10:43:00Z,29989.2,29989.6,29986.2,29989.5,4.5
2025-08-15T10:44:00Z,29989.5,29991.2,29987.5,29987.5,6.0
2025-08-15T10:45:00Z,29987.5,29991.8,29986.7,29987.5,4.8
2025-08-15T10:46:00Z,29987.5,29990.7,29984.7,29986.1,6.1
2025-08-15T10:47:00Z,29986.1,29987.1,29982.0,29986.7,7.1
2025-08-15T10:48:00Z,29986.7,29990.9,29981.9,29989.0,7.9
2025-08-15T10:49:00Z,29989.0,29990.8,29984.9,29989.5,8.4
2025-08-15T10:50:00Z,29989.5,29993.5,29987.8,29992.0,10.3
2025-08-15T10:51:00Z,29992.0,29994.7,29988.8,29989.2,11.8
2025-08-15T10:52:00Z,29989.2,29991.0,29988.7,29988.9,10.2
2025-08-15T10:53:00Z,29988.9,29990.6,29985.3,29989.2,8.7
2025-08-15T10:54:00Z,29989.2,29991.0,29986.8,29988.6,6.7
2025-08-15T10:55:00Z,29988.6,29989.7,29983.7,29986.9,6.6
2025-08-15T10:56:00Z,29986.9,29991.4,29982.6,29986.9,8.2
2025-08-15T10:57:00Z,29986.9,29988.5,29984.0,29984.0,9.7
2025-08-15T10:58:00Z,29984.0,29987.8,29982.7,29982.7,9.6
2025-08-15T10:59:00Z,29982.7,29984.6,29978.2,29984.6,9.5
2025-08-15T11:00:00Z,29984.6,29984.9,29983.0,29983.0,8.1
2025-08-15T11:01:00Z,29983.0,29985.9,29982.3,29985.9,7.5
2025-08-15T11:02:00Z,29985.9,29990.0,29985.1,29985.1,7.4
2025-08-15T11:03:00Z,29985.1,29989.1,29983.6,29983.6,7.2
2025-08-15T11:04:00Z,29983.6,29984.9,29980.0,29984.2,7.2
2025-08-15T11:05:00Z,29984.2,29987.1,29981.8,29987.1,8.0
2025-08-15T11:06:00Z,29987.1,29989.1,29984.5,29989.1,9.1
2025-08-15T11:07:00Z,29989.1,29990.2,29984.3,29987.9,8.7
2025-08-15T11:08:00Z,29987.9,29988.1,29986.4,29986.4,8.7
2025-08-15T11:09:00Z,29986.4,29990.9,29983.6,29987.1,10.6
2025-08-15T11:10:00Z,29987.1,29988.8,29985.4,29987.4,9.3
2025-08-15T11:11:00Z,29987.4,29992.3,29987.1,29989.5,7.8
2025-08-15T11:12:00Z,29989.5,29992.3,29985.0,29988.8,8.5
2025-08-15T11:13:00Z,29988.8,29992.0,29984.4,29989.8,9.0
2025-08-15T11:14:00Z,29989.8,29991.2,29989.0,29990.3,10.4
2025-08-15T11:15:00Z,29990.3,29994.1,29988.9,29988.9,11.0
2025-08-15T11:16:00Z,29988.9,29989.4,29986.8,29988.2,12.4
2025-08-15T11:17:00Z,29988.2,29989.0,29987.6,29989.0,14.4
2025-08-15T11:18:00Z,29989.0,29991.5,29986.4,29989.1,15.1
2025-08-15T11:19:00Z,29989.1,29992.5,29985.0,29987.4,15.3
2025-08-15T11:20:00Z,29987.4,29988.1,29982.6,29986.0,15.7
2025-08-15T11:21:00Z,29986.0,29988.0,29984.1,29984.7,14.9
2025-08-15T11:22:00Z,29984.7,29988.4,29982.4,29982.7,15.5
2025-08-15T11:23:00Z,29982.7,29986.8,29981.1,29982.3,13.5
2025-08-15T11:24:00Z,29982.3,29983.2,29980.0,29980.0,13.9
2025-08-15T11:25:00Z,29980.0,29982.7,29977.6,29977.6,13.9
2025-08-15T11:26:00Z,29977.6,29979.5,29973.5,29975.2,15.9
2025-08-15T11:27:00Z,29975.2,29979.9,29972.2,29973.8,16.7
2025-08-15T11:28:00Z,29973.8,29974.2,29970.4,29972.1,17.1
2025-08-15T11:29:00Z,29972.1,29976.5,29968.6,29970.8,17.8
2025-08-15T11:30:00Z,29970.8,29973.7,29967.5,29969.6,17.8
2025-08-15T11:31:00Z,29969.6,29970.0,29966.1,29969.3,19.4
2025-08-15T11:32:00Z,29969.3,29972.8,29965.7,29971.0,18.7
2025-08-15T11:33:00Z,29971.0,29973.7,29967.3,29970.9,18.5
2025-08-15T11:34:00Z,29970.9,29974.9,29969.7,29971.3,16.9
2025-08-15T11:35:00Z,29971.3,29973.8,29968.1,29973.8,15.5
2025-08-15T11:36:00Z,29973.8,29976.1,29972.5,29972.6,14.0
2025-08-15T11:37:00Z,29972.6,29975.2,29970.4,29970.4,15.6
2025-08-15T11:38:00Z,29970.4,29974.1,29967.1,29973.0,15.3
2025-08-15T11:39:00Z,29973.0,29974.1,29970.3,29974.1,17.1
2025-08-15T11:40:00Z,29974.1,29977.4,29972.6,29974.6,17.9
2025-08-15T11:41:00Z,29974.6,29977.3,29971.0,29977.2,18.0
2025-08-15T11:42:00Z,29977.2,29978.3,29972.7,29974.9,18.3
2025-08-15T11:43:00Z,29974.9,29978.5,29971.4,29973.3,18.5
2025-08-15T11:44:00Z,29973.3,29975.8,29970.9,29972.1,19.4
2025-08-15T11:45:00Z,29972.1,29974.2,29971.3,29971.3,19.5
2025-08-15T11:46:00Z,29971.3,29971.8,29967.6,29969.9,20.4
2025-08-15T11:47:00Z,29969.9,29973.9,29969.5,29972.4,20.3
2025-08-15T11:48:00Z,29972.4,29975.8,29968.1,29970.8,19.4
2025-08-15T11:49:00Z,29970.8,29971.7,29968.2,29969.5,21.1
2025-08-15T11:50:00Z,29969.5,29971.8,29968.5,29968.5,22.3
2025-08-15T11:51:00Z,29968.5,29969.5,29965.1,29965.7,22.3
2025-08-15T11:52:00Z,29965.7,29970.3,29965.0,29965.2,21.1
2025-08-15T11:53:00Z,29965.2,29969.6,29962.4,29962.4,22.6
2025-08-15T11:54:00Z,29962.4,29963.2,29958.9,29959.8,22.6
2025-08-15T11:55:00Z,29959.8,29962.8,29955.5,29961.8,23.4
2025-08-15T11:56:00Z,29961.8,29962.3,29957.2,29961.0,23.1
2025-08-15T11:57:00Z,29961.0,29965.0,29956.9,29962.7,23.6
2025-08-15T11:58:00Z,29962.7,29966.9,29958.5,29964.7,24.7
2025-08-15T11:59:00Z,29964.7,29966.7,29963.9,29966.7,26.2
2025-08-15T12:00:00Z,29966.7,29968.9,29965.3,29966.9,25.5
2025-08-15T12:01:00Z,29966.9,29968.9,29964.3,29967.2,24.0
2025-08-15T12:02:00Z,29967.2,29968.3,29966.2,29967.5,23.7
2025-08-15T12:03:00Z,29967.5,29970.9,29964.8,29968.4,22.9
2025-08-15T12:04:00Z,29968.4,29971.5,29965.5,29965.5,23.8
2025-08-15T12:05:00Z,29965.5,29970.3,29963.2,29967.0,23.7
2025-08-15T12:06:00Z,29967.0,29968.6,29964.8,29968.6,22.9
2025-08-15T12:07:00Z,29968.6,29969.5,29968.3,29968.3,22.4
2025-08-15T12:08:00Z,29968.3,29969.5,29966.5,29966.5,23.6
2025-08-15T12:09:00Z,29966.5,29967.2,29963.6,29966.8,21.8
2025-08-15T12:10:00Z,29966.8,29967.5,29962.7,29965.3,20.2
2025-08-15T12:11:00Z,29965.3,29965.7,29964.2,29965.7,20.2
2025-08-15T12:12:00Z,29965.7,29970.2,29963.5,29964.5,18.9
2025-08-15T12:13:00Z,29964.5,29967.3,29962.3,29962.3,18.0
2025-08-15T12:14:00Z,29962.3,29966.1,29960.7,29964.2,16.1
2025-08-15T12:15:00Z,29964.2,29967.9,29961.6,29962.6,16.3
2025-08-15T12:16:00Z,29962.6,29965.3,29958.7,29965.3,18.1
2025-08-15T12:17:00Z,29965.3,29967.4,29961.3,29966.3,19.0
2025-08-15T12:18:00Z,29966.3,29970.6,29963.6,29967.2,20.8
2025-08-15T12:19:00Z,29967.2,29971.5,29963.2,29965.8,21.9
2025-08-15T12:20:00Z,29965.8,29966.0,29964.1,29964.1,21.1
2025-08-15T12:21:00Z,29964.1,29967.4,29961.1,29963.4,20.3
2025-08-15T12:22:00Z,29963.4,29965.9,29960.7,29960.7,19.8
2025-08-15T12:23:00Z,29960.7,29962.4,29956.3,29958.8,20.7
2025-08-15T12:24:00Z,29958.8,29962.9,29954.9,29957.6,21.7
2025-08-15T12:25:00Z,29957.6,29960.0,29954.4,29960.0,22.5
2025-08-15T12:26:00Z,29960.0,29961.6,29956.5,29957.1,23.5
2025-08-15T12:27:00Z,29957.1,29960.6,29953.6,29959.3,22.6
2025-08-15T12:28:00Z,29959.3,29960.0,29955.2,29960.0,22.8
2025-08-15T12:29:00Z,29960.0,29960.9,29955.2,29957.8,20.9
2025-08-15T12:30:00Z,29957.8,29961.7,29954.8,29957.9,22.9
2025-08-15T12:31:00Z,29957.9,29961.0,29954.3,29957.2,23.9
2025-08-15T12:32:00Z,29957.2,29957.8,29952.7,29956.4,23.1
2025-08-15T12:33:00Z,29956.4,29958.5,29955.1,29958.5,23.5
2025-08-15T12:34:00Z,29958.5,29961.4,29958.2,29961.4,24.2
2025-08-15T12:35:00Z,29961.4,29963.9,29958.1,29960.6,25.6
2025-08-15T12:36:00Z,29960.6,29962.5,29957.9,29957.9,25.2
2025-08-15T12:37:00Z,29957.9,29960.6,29955.8,29955.8,26.5
2025-08-15T12:38:00Z,29955.8,29958.1,29951.4,29955.4,26.5
2025-08-15T12:39:00Z,29955.4,29957.5,29951.2,29957.5,26.7
2025-08-15T12:40:00Z,29957.5,29957.6,29956.9,29957.6,27.9
2025-08-15T12:41:00Z,29957.6,29959.8,29956.0,29957.2,26.6
2025-08-15T12:42:00Z,29957.2,29958.3,29954.4,29954.4,25.7
2025-08-15T12:43:00Z,29954.4,29957.3,29949.7,29953.5,26.5
2025-08-15T12:44:00Z,29953.5,29955.5,29952.9,29954.1,28.3
2025-08-15T12:45:00Z,29954.1,29957.0,29951.6,29957.0,28.7
2025-08-15T12:46:00Z,29957.0,29959.4,29953.9,29959.4,28.5
2025-08-15T12:47:00Z,29959.4,29961.0,29955.0,29961.0,26.6
2025-08-15T12:48:00Z,29961.0,29962.1,29958.0,29962.1,25.9
2025-08-15T12:49:00Z,29962.1,29966.9,29960.5,29962.7,24.6
2025-08-15T12:50:00Z,29962.7,29967.4,29960.9,29960.9,23.9
2025-08-15T12:51:00Z,29960.9,29964.8,29956.1,29959.2,24.9
2025-08-15T12:52:00Z,29959.2,29959.8,29956.4,29956.4,23.4
2025-08-15T12:53:00Z,29956.4,29959.9,29954.2,29956.9,24.6
2025-08-15T12:54:00Z,29956.9,29959.9,29955.4,29958.7,23.8
2025-08-15T12:55:00Z,29958.7,29963.5,29953.9,29959.5,25.3
2025-08-15T12:56:00Z,29959.5,29962.4,29955.6,29962.4,27.2
2025-08-15T12:57:00Z,29962.4,29966.5,29958.5,29964.6,26.7
2025-08-15T12:58:00Z,29964.6,29969.0,29959.9,29964.2,27.4
2025-08-15T12:59:00Z,29964.2,29969.0,29960.8,29963.1,28.2
2025-08-15T13:00:00Z,29963.1,29967.7,29960.9,29962.2,29.5
2025-08-15T13:01:00Z,29962.2,29965.4,29957.3,29964.3,29.5
2025-08-15T13:02:00Z,29964.3,29965.9,29963.6,29965.6,30.3
2025-08-15T13:03:00Z,29965.6,29969.1,29961.5,29962.6,31.5
2025-08-15T13:04:00Z,29962.6,29965.5,29961.5,29965.5,31.2
2025-08-15T13:05:00Z,29965.5,29965.9,29960.5,29962.5,33.2
2025-08-15T13:06:00Z,29962.5,29965.1,29958.6,29961.4,34.3
2025-08-15T13:07:00Z,29961.4,29966.3,29958.6,29958.6,32.9
2025-08-15T13:08:00Z,29958.6,29960.3,29956.5,29956.5,34.8
2025-08-15T13:09:00Z,29956.5,29957.4,29954.0,29954.0,36.2
2025-08-15T13:10:00Z,29954.0,29958.3,29950.5,29954.2,34.7
2025-08-15T13:11:00Z,29954.2,29954.6,29954.1,29954.5,33.4
2025-08-15T13:12:00Z,29954.5,29958.6,29953.5,29956.4,35.2
2025-08-15T13:13:00Z,29956.4,29958.0,29952.0,29954.4,35.1
2025-08-15T13:14:00Z,29954.4,29958.1,29953.1,29953.3,35.7
2025-08-15T13:15:00Z,29953.3,29953.7,29950.1,29952.8,36.3
2025-08-15T13:16:00Z,29952.8,29957.8,29950.9,29955.8,36.2
2025-08-15T13:17:00Z,29955.8,29957.7,29955.5,29956.7,38.0
2025-08-15T13:18:00Z,29956.7,29957.4,29953.6,29957.3,39.9
2025-08-15T13:19:00Z,29957.3,29962.2,29954.9,29954.9,39.5
2025-08-15T13:20:00Z,29954.9,29956.4,29951.0,29954.1,40.6
2025-08-15T13:21:00Z,29954.1,29955.4,29951.8,29951.9,39.8
2025-08-15T13:22:00Z,29951.9,29954.0,29950.4,29954.0,38.5
2025-08-15T13:23:00Z,29954.0,29956.3,29952.3,29952.3,37.2
2025-08-15T13:24:00Z,29952.3,29956.1,29948.0,29954.0,36.7
2025-08-15T13:25:00Z,29954.0,29958.4,29951.9,29952.9,35.4
2025-08-15T13:26:00Z,29952.9,29955.0,29951.6,29954.2,36.9
2025-08-15T13:27:00Z,29954.2,29956.5,29953.9,29954.8,36.8
2025-08-15T13:28:00Z,29954.8,29958.1,29953.2,29957.4,35.0
2025-08-15T13:29:00Z,29957.4,29961.4,29952.6,29957.0,35.4
2025-08-15T13:30:00Z,29957.0,29957.9,29954.9,29954.9,33.5
2025-08-15T13:31:00Z,29954.9,29957.4,29950.5,29952.9,32.2
2025-08-15T13:32:00Z,29952.9,29956.5,29949.9,29949.9,30.6
2025-08-15T13:33:00Z,29949.9,29951.3,29946.0,29950.1,32.2
2025-08-15T13:34:00Z,29950.1,29952.8,29949.3,29952.8,33.3
2025-08-15T13:35:00Z,29952.8,29953.7,29950.9,29951.5,34.5
2025-08-15T13:36:00Z,29951.5,29954.1,29950.5,29952.2,34.4
2025-08-15T13:37:00Z,29952.2,29956.0,29951.4,29951.4,35.3
2025-08-15T13:38:00Z,29951.4,29953.8,29947.1,29950.1,36.7
2025-08-15T13:39:00Z,29950.1,29953.5,29945.7,29951.5,34.7
2025-08-15T13:40:00Z,29951.5,29954.7,29947.6,29952.3,36.4
2025-08-15T13:41:00Z,29952.3,29953.5,29950.4,29952.5,35.7
2025-08-15T13:42:00Z,29952.5,29957.3,29951.3,29954.7,36.4
2025-08-15T13:43:00Z,29954.7,29957.4,29951.8,29957.4,34.7
2025-08-15T13:44:00Z,29957.4,29961.7,29953.7,29955.2,33.7
2025-08-15T13:45:00Z,29955.2,29957.1,29951.4,29957.1,32.6
2025-08-15T13:46:00Z,29957.1,29961.1,29956.0,29958.6,31.7
2025-08-15T13:47:00Z,29958.6,29959.2,29954.6,29958.6,33.0
2025-08-15T13:48:00Z,29958.6,29963.4,29957.0,29961.3,31.8
2025-08-15T13:49:00Z,29961.3,29961.5,29959.6,29959.9,32.4
2025-08-15T13:50:00Z,29959.9,29962.8,29956.6,29957.0,31.0
2025-08-15T13:51:00Z,29957.0,29959.5,29956.0,29958.4,31.4
2025-08-15T13:52:00Z,29958.4,29961.2,29955.0,29957.8,31.7
2025-08-15T13:53:00Z,29957.8,29958.6,29957.7,29958.2,31.4
2025-08-15T13:54:00Z,29958.2,29960.9,29954.1,29957.9,33.1
2025-08-15T13:55:00Z,29957.9,29959.2,29953.8,29959.2,31.6
2025-08-15T13:56:00Z,29959.2,29961.9,29955.3,29961.9,31.1
2025-08-15T13:57:00Z,29961.9,29965.7,29960.2,29960.2,32.1
2025-08-15T13:58:00Z,29960.2,29962.6,29957.8,29958.8,31.7
2025-08-15T13:59:00Z,29958.8,29961.9,29956.1,29956.1,33.5
2025-08-15T14:00:00Z,29956.1,29958.9,29955.7,29958.9,34.4
2025-08-15T14:01:00Z,29958.9,29959.3,29956.5,29957.3,35.8
2025-08-15T14:02:00Z,29957.3,29957.6,29954.5,29954.6,33.9
2025-08-15T14:03:00Z,29954.6,29959.2,29953.6,29954.8,33.5
2025-08-15T14:04:00Z,29954.8,29956.9,29952.4,29956.9,32.6
2025-08-15T14:05:00Z,29956.9,29961.0,29953.3,29958.4,34.6
2025-08-15T14:06:00Z,29958.4,29961.9,29955.7,29956.4,35.1
2025-08-15T14:07:00Z,29956.4,29956.9,29952.9,29956.2,35.1
2025-08-15T14:08:00Z,29956.2,29961.0,29954.0,29956.4,36.4
2025-08-15T14:09:00Z,29956.4,29956.7,29952.1,29954.4,35.3
2025-08-15T14:10:00Z,29954.4,29957.6,29951.4,29953.6,33.5
2025-08-15T14:11:00Z,29953.6,29954.2,29950.7,29950.7,33.8
2025-08-15T14:12:00Z,29950.7,29955.2,29947.1,29951.3,34.7
2025-08-15T14:13:00Z,29951.3,29954.0,29948.9,29953.3,35.4
2025-08-15T14:14:00Z,29953.3,29958.3,29948.4,29950.5,36.7
2025-08-15T14:15:00Z,29950.5,29952.8,29947.7,29950.4,35.8
2025-08-15T14:16:00Z,29950.4,29953.3,29947.1,29949.7,37.0
2025-08-15T14:17:00Z,29949.7,29952.4,29949.5,29951.6,38.8
2025-08-15T14:18:00Z,29951.6,29956.3,29950.8,29952.3,40.1
2025-08-15T14:19:00Z,29952.3,29956.9,29949.5,29949.9,41.6
2025-08-15T14:20:00Z,29949.9,29951.1,29949.4,29950.4,43.3
2025-08-15T14:21:00Z,29950.4,29951.9,29945.8,29947.5,43.2
2025-08-15T14:22:00Z,29947.5,29950.7,29944.9,29945.8,42.6
2025-08-15T14:23:00Z,29945.8,29950.6,29941.5,29946.1,43.8
2025-08-15T14:24:00Z,29946.1,29947.8,29944.9,29947.6,45.3
2025-08-15T14:25:00Z,29947.6,29950.2,29943.1,29944.8,46.9
2025-08-15T14:26:00Z,29944.8,29946.3,29942.1,29942.4,45.0
2025-08-15T14:27:00Z,29942.4,29943.4,29938.4,29939.6,46.2
2025-08-15T14:28:00Z,29939.6,29944.1,29935.7,29940.4,44.3
2025-08-15T14:29:00Z,29940.4,29944.6,29937.8,29937.8,43.5
2025-08-15T14:30:00Z,29937.8,29939.8,29936.6,29936.6,44.3
2025-08-15T14:31:00Z,29936.6,29937.4,29932.8,29936.5,45.4
2025-08-15T14:32:00Z,29936.5,29936.9,29931.6,29935.6,46.9
2025-08-15T14:33:00Z,29935.6,29940.1,29931.2,29935.6,46.0
2025-08-15T14:34:00Z,29935.6,29939.1,29932.1,29936.5,47.7
2025-08-15T14:35:00Z,29936.5,29939.6,29934.8,29935.0,49.0
2025-08-15T14:36:00Z,29935.0,29938.7,29934.8,29937.6,47.7
2025-08-15T14:37:00Z,29937.6,29940.5,29933.7,29940.5,47.9
2025-08-15T14:38:00Z,29940.5,29941.7,29938.8,29938.8,49.9
2025-08-15T14:39:00Z,29938.8,29941.8,29935.6,29941.8,49.7
2025-08-15T14:40:00Z,29941.8,29943.6,29939.4,29939.6,49.8
2025-08-15T14:41:00Z,29939.6,29942.6,29937.5,29942.6,51.2
2025-08-15T14:42:00Z,29942.6,29943.1,29939.4,29940.0,51.6
2025-08-15T14:43:00Z,29940.0,29941.3,29938.2,29941.3,53.3
2025-08-15T14:44:00Z,29941.3,29946.0,29939.4,29940.4,54.4
2025-08-15T14:45:00Z,29940.4,29945.0,29936.3,29940.1,56.0
2025-08-15T14:46:00Z,29940.1,29944.6,29936.4,29943.1,56.4
2025-08-15T14:47:00Z,29943.1,29946.0,29941.8,29946.0,56.9
2025-08-15T14:48:00Z,29946.0,29949.1,29941.2,29947.0,58.3
2025-08-15T14:49:00Z,29947.0,29949.3,29942.9,29947.7,59.0
2025-08-15T14:50:00Z,29947.7,29952.5,29944.9,29950.2,59.5
2025-08-15T14:51:00Z,29950.2,29953.2,29946.5,29952.5,59.4
2025-08-15T14:52:00Z,29952.5,29955.4,29947.5,29955.4,61.2
2025-08-15T14:53:00Z,29955.4,29959.4,29951.7,29958.0,60.3
2025-08-15T14:54:00Z,29958.0,29960.5,29955.8,29960.5,60.2
2025-08-15T14:55:00Z,29960.5,29965.1,29956.8,29959.4,61.2
2025-08-15T14:56:00Z,29959.4,29960.5,29956.5,29960.5,61.5
2025-08-15T14:57:00Z,29960.5,29964.4,29957.7,29957.7,62.3
2025-08-15T14:58:00Z,29957.7,29962.7,29953.1,29955.3,62.9
2025-08-15T14:59:00Z,29955.3,29957.6,29952.9,29952.9,63.3
2025-08-15T15:00:00Z,29952.9,29956.9,29950.3,29951.2,62.1
2025-08-15T15:01:00Z,29951.2,29952.7,29948.6,29948.7,60.5
2025-08-15T15:02:00Z,29948.7,29951.7,29944.3,29947.8,61.2
2025-08-15T15:03:00Z,29947.8,29949.6,29943.1,29949.6,60.2
2025-08-15T15:04:00Z,29949.6,29952.6,29945.0,29951.9,60.2
2025-08-15T15:05:00Z,29951.9,29953.8,29950.3,29951.9,61.2
2025-08-15T15:06:00Z,29951.9,29952.1,29947.0,29950.2,60.7
2025-08-15T15:07:00Z,29950.2,29952.7,29947.1,29949.5,59.2
2025-08-15T15:08:00Z,29949.5,29951.5,29947.8,29948.7,60.8
2025-08-15T15:09:00Z,29948.7,29951.2,29947.6,29951.2,61.0
2025-08-15T15:10:00Z,29951.2,29953.9,29947.1,29953.9,62.5
2025-08-15T15:11:00Z,29953.9,29954.8,29950.0,29954.5,60.7
2025-08-15T15:12:00Z,29954.5,29958.2,29950.3,29951.7,61.6
2025-08-15T15:13:00Z,29951.7,29956.2,29948.0,29949.4,62.9
2025-08-15T15:14:00Z,29949.4,29952.3,29947.4,29951.2,61.0
2025-08-15T15:15:00Z,29951.2,29954.5,29950.2,29951.2,60.4
2025-08-15T15:16:00Z,29951.2,29951.4,29948.3,29948.3,61.7
2025-08-15T15:17:00Z,29948.3,29951.6,29945.5,29945.5,63.2
2025-08-15T15:18:00Z,29945.5,29947.6,29942.7,29947.6,64.8
2025-08-15T15:19:00Z,29947.6,29951.4,29943.1,29944.8,64.0
2025-08-15T15:20:00Z,29944.8,29949.0,29943.2,29943.2,63.7
2025-08-15T15:21:00Z,29943.2,29947.2,29941.2,29944.7,65.3
2025-08-15T15:22:00Z,29944.7,29947.5,29941.4,29947.5,64.9
2025-08-15T15:23:00Z,29947.5,29948.0,29943.6,29945.9,65.5
2025-08-15T15:24:00Z,29945.9,29946.9,29943.1,29946.3,66.7
2025-08-15T15:25:00Z,29946.3,29947.2,29942.5,29944.2,66.8
2025-08-15T15:26:00Z,29944.2,29946.9,29940.8,29944.9,65.0
2025-08-15T15:27:00Z,29944.9,29948.1,29942.9,29944.1,66.9
2025-08-15T15:28:00Z,29944.1,29946.0,29940.7,29944.6,67.2
2025-08-15T15:29:00Z,29944.6,29945.7,29941.3,29944.4,66.5
2025-08-15T15:30:00Z,29944.4,29944.4,29939.8,29942.7,65.8
2025-08-15T15:31:00Z,29942.7,29945.2,29938.3,29944.1,64.7
2025-08-15T15:32:00Z,29944.1,29945.4,29942.6,29945.4,65.9
2025-08-15T15:33:00Z,29945.4,29949.4,29941.6,29948.0,66.8
2025-08-15T15:34:00Z,29948.0,29952.9,29947.7,29948.2,65.4
2025-08-15T15:35:00Z,29948.2,29948.3,29948.1,29948.3,64.8
2025-08-15T15:36:00Z,29948.3,29951.6,29946.9,29946.9,65.9
2025-08-15T15:37:00Z,29946.9,29949.8,29944.8,29944.8,67.1
2025-08-15T15:38:00Z,29944.8,29949.5,29941.4,29942.5,66.7
2025-08-15T15:39:00Z,29942.5,29947.2,29940.5,29943.4,64.8
2025-08-15T15:40:00Z,29943.4,29947.0,29938.7,29944.1,65.2
2025-08-15T15:41:00Z,29944.1,29946.1,29942.4,29946.1,65.2
2025-08-15T15:42:00Z,29946.1,29947.7,29945.5,29947.7,67.1
2025-08-15T15:43:00Z,29947.7,29949.5,29944.1,29945.5,66.7
2025-08-15T15:44:00Z,29945.5,29947.1,29942.6,29947.1,65.3
2025-08-15T15:45:00Z,29947.1,29949.8,29945.9,29949.8,64.7
2025-08-15T15:46:00Z,29949.8,29952.2,29949.0,29951.7,65.2
2025-08-15T15:47:00Z,29951.7,29955.4,29949.9,29950.3,67.1
2025-08-15T15:48:00Z,29950.3,29955.1,29947.3,29947.3,67.5
2025-08-15T15:49:00Z,29947.3,29947.9,29946.1,29946.1,66.9
2025-08-15T15:50:00Z,29946.1,29947.4,29942.7,29947.4,67.8
2025-08-15T15:51:00Z,29947.4,29948.3,29943.6,29948.3,65.9
2025-08-15T15:52:00Z,29948.3,29950.4,29945.1,29945.9,66.6
2025-08-15T15:53:00Z,29945.9,29949.9,29943.0,29946.0,68.3
2025-08-15T15:54:00Z,29946.0,29950.0,29942.0,29943.8,67.1
2025-08-15T15:55:00Z,29943.8,29944.1,29943.1,29943.8,65.9
2025-08-15T15:56:00Z,29943.8,29946.9,29941.3,29941.3,66.6
2025-08-15T15:57:00Z,29941.3,29943.5,29938.4,29938.4,66.1
2025-08-15T15:58:00Z,29938.4,29941.3,29935.6,29938.1,66.4
2025-08-15T15:59:00Z,29938.1,29941.0,29935.5,29938.0,66.9
2025-08-15T16:00:00Z,29938.0,29942.1,29937.0,29937.0,65.7
2025-08-15T16:01:00Z,29937.0,29937.7,29932.1,29936.0,64.9
2025-08-15T16:02:00Z,29936.0,29938.1,29933.6,29937.6,64.3
2025-08-15T16:03:00Z,29937.6,29937.9,29933.1,29936.7,62.8
2025-08-15T16:04:00Z,29936.7,29939.7,29935.1,29938.5,64.5
2025-08-15T16:05:00Z,29938.5,29940.0,29936.9,29939.1,64.1
2025-08-15T16:06:00Z,29939.1,29940.7,29935.7,29939.6,65.9
2025-08-15T16:07:00Z,29939.6,29941.8,29937.2,29938.3,67.9
2025-08-15T16:08:00Z,29938.3,29942.2,29935.0,29939.0,68.3
2025-08-15T16:09:00Z,29939.0,29943.0,29936.7,29936.7,67.3
2025-08-15T16:10:00Z,29936.7,29938.5,29935.7,29935.7,65.3
2025-08-15T16:11:00Z,29935.7,29937.7,29934.2,29936.2,65.2
2025-08-15T16:12:00Z,29936.2,29940.1,29934.2,29936.7,64.8
2025-08-15T16:13:00Z,29936.7,29941.1,29935.9,29936.2,66.4
2025-08-15T16:14:00Z,29936.2,29938.8,29935.7,29938.7,67.6
2025-08-15T16:15:00Z,29938.7,29940.4,29934.8,29936.9,67.1
2025-08-15T16:16:00Z,29936.9,29941.2,29933.1,29936.7,66.9
2025-08-15T16:17:00Z,29936.7,29938.8,29932.4,29938.8,66.5
2025-08-15T16:18:00Z,29938.8,29943.7,29936.7,29940.6,67.4
2025-08-15T16:19:00Z,29940.6,29945.6,29937.5,29943.0,68.9
2025-08-15T16:20:00Z,29943.0,29946.4,29941.9,29945.4,67.2
2025-08-15T16:21:00Z,29945.4,29948.8,29944.6,29946.0,65.3
2025-08-15T16:22:00Z,29946.0,29946.3,29945.1,29945.5,64.9
2025-08-15T16:23:00Z,29945.5,29947.7,29941.8,29947.7,65.7
2025-08-15T16:24:00Z,29947.7,29951.0,29945.3,29950.2,67.3
2025-08-15T16:25:00Z,29950.2,29950.7,29948.9,29948.9,65.9
2025-08-15T16:26:00Z,29948.9,29952.6,29944.1,29948.1,67.7
2025-08-15T16:27:00Z,29948.1,29949.2,29944.6,29949.2,69.7
2025-08-15T16:28:00Z,29949.2,29951.7,29944.4,29948.9,68.7
2025-08-15T16:29:00Z,29948.9,29953.0,29946.0,29948.6,70.3
2025-08-15T16:30:00Z,29948.6,29952.4,29945.5,29946.7,70.4
2025-08-15T16:31:00Z,29946.7,29951.6,29941.7,29948.5,70.8
2025-08-15T16:32:00Z,29948.5,29948.8,29944.0,29948.8,71.3
2025-08-15T16:33:00Z,29948.8,29951.0,29946.5,29947.7,71.7
2025-08-15T16:34:00Z,29947.7,29948.5,29946.1,29946.1,73.3
2025-08-15T16:35:00Z,29946.1,29948.5,29942.5,29947.3,71.7
2025-08-15T16:36:00Z,29947.3,29950.0,29943.5,29945.3,72.0
2025-08-15T16:37:00Z,29945.3,29946.2,29941.0,29946.2,71.9
2025-08-15T16:38:00Z,29946.2,29948.9,29941.5,29947.5,72.3
2025-08-15T16:39:00Z,29947.5,29949.8,29944.8,29949.7,74.1
2025-08-15T16:40:00Z,29949.7,29952.0,29948.5,29950.3,74.6
2025-08-15T16:41:00Z,29950.3,29951.7,29946.5,29949.1,74.1
2025-08-15T16:42:00Z,29949.1,29952.4,29945.1,29948.3,73.9
2025-08-15T16:43:00Z,29948.3,29950.3,29944.8,29950.3,75.9
2025-08-15T16:44:00Z,29950.3,29953.7,29947.3,29947.4,76.8
2025-08-15T16:45:00Z,29947.4,29950.4,29942.9,29949.9,76.1
2025-08-15T16:46:00Z,29949.9,29952.0,29945.5,29952.0,77.1
2025-08-15T16:47:00Z,29952.0,29955.5,29948.1,29952.1,78.2
2025-08-15T16:48:00Z,29952.1,29954.4,29949.1,29954.4,80.0
2025-08-15T16:49:00Z,29954.4,29959.3,29953.6,29953.6,78.6
2025-08-15T16:50:00Z,29953.6,29955.4,29952.2,29952.2,78.8
2025-08-15T16:51:00Z,29952.2,29953.2,29948.8,29953.2,77.3
2025-08-15T16:52:00Z,29953.2,29954.0,29951.4,29954.0,79.2
2025-08-15T16:53:00Z,29954.0,29958.6,29951.7,29954.4,80.6
2025-08-15T16:54:00Z,29954.4,29956.0,29954.3,29956.0,80.3
2025-08-15T16:55:00Z,29956.0,29959.2,29953.5,29956.4,79.0
2025-08-15T16:56:00Z,29956.4,29958.4,29953.9,29953.9,80.5
2025-08-15T16:57:00Z,29953.9,29956.9,29950.7,29956.7,82.5
2025-08-15T16:58:00Z,29956.7,29960.1,29955.6,29956.5,81.9
2025-08-15T16:59:00Z,29956.5,29958.9,29954.9,29954.9,80.0
2025-08-15T17:00:00Z,29954.9,29957.7,29951.4,29957.7,79.9
2025-08-15T17:01:00Z,29957.7,29959.9,29956.3,29958.7,78.0
2025-08-15T17:02:00Z,29958.7,29962.4,29954.7,29957.2,78.9
2025-08-15T17:03:00Z,29957.2,29957.8,29954.5,29957.7,79.3
2025-08-15T17:04:00Z,29957.7,29962.2,29953.2,29955.5,79.8
2025-08-15T17:05:00Z,29955.5,29957.5,29952.8,29957.0,78.2
2025-08-15T17:06:00Z,29957.0,29959.8,29956.1,29957.9,80.1
2025-08-15T17:07:00Z,29957.9,29959.1,29957.7,29957.9,81.0
2025-08-15T17:08:00Z,29957.9,29962.0,29955.7,29957.7,81.9
2025-08-15T17:09:00Z,29957.7,29960.5,29954.9,29956.8,83.3
2025-08-15T17:10:00Z,29956.8,29958.3,29953.8,29953.8,82.6
2025-08-15T17:11:00Z,29953.8,29958.8,29953.5,29956.5,82.6
2025-08-15T17:12:00Z,29956.5,29958.5,29952.2,29958.5,82.3
2025-08-15T17:13:00Z,29958.5,29960.3,29954.4,29959.2,80.9
2025-08-15T17:14:00Z,29959.2,29960.2,29957.3,29959.2,81.0
2025-08-15T17:15:00Z,29959.2,29960.9,29954.2,29960.9,79.1
2025-08-15T17:16:00Z,29960.9,29964.4,29957.0,29962.3,80.3
2025-08-15T17:17:00Z,29962.3,29963.9,29959.0,29961.7,81.8
2025-08-15T17:18:00Z,29961.7,29962.0,29959.4,29959.4,80.1
2025-08-15T17:19:00Z,29959.4,29960.7,29956.9,29957.7,82.0
2025-08-15T17:20:00Z,29957.7,29962.2,29953.7,29960.0,82.1
2025-08-15T17:21:00Z,29960.0,29962.0,29957.2,29962.0,84.1
2025-08-15T17:22:00Z,29962.0,29963.0,29961.3,29962.2,85.0
2025-08-15T17:23:00Z,29962.2,29966.8,29958.5,29963.8,86.2
2025-08-15T17:24:00Z,29963.8,29965.8,29962.5,29965.0,85.9
2025-08-15T17:25:00Z,29965.0,29966.8,29962.8,29966.8,84.8
2025-08-15T17:26:00Z,29966.8,29970.2,29964.0,29968.7,86.3
2025-08-15T17:27:00Z,29968.7,29970.5,29966.6,29966.6,85.1
2025-08-15T17:28:00Z,29966.6,29967.1,29962.8,29965.3,85.5
2025-08-15T17:29:00Z,29965.3,29970.0,29962.4,29964.7,87.4
2025-08-15T17:30:00Z,29964.7,29965.3,29960.9,29963.0,87.1
2025-08-15T17:31:00Z,29963.0,29965.8,29961.3,29965.8,86.7
2025-08-15T17:32:00Z,29965.8,29970.8,29962.4,29967.8,84.7
2025-08-15T17:33:00Z,29967.8,29970.4,29967.4,29970.4,85.8
2025-08-15T17:34:00Z,29970.4,29975.3,29967.6,29967.6,86.1
2025-08-15T17:35:00Z,29967.6,29969.1,29963.8,29969.1,85.9
2025-08-15T17:36:00Z,29969.1,29971.1,29966.2,29969.2,87.7
2025-08-15T17:37:00Z,29969.2,29970.7,29966.3,29967.4,89.7
2025-08-15T17:38:00Z,29967.4,29970.0,29967.2,29969.5,90.4
2025-08-15T17:39:00Z,29969.5,29973.9,29965.2,29969.1,91.3
2025-08-15T17:40:00Z,29969.1,29971.0,29965.2,29966.8,92.3
2025-08-15T17:41:00Z,29966.8,29968.3,29963.8,29966.5,94.0
2025-08-15T17:42:00Z,29966.5,29969.2,29964.2,29965.2,94.5
2025-08-15T17:43:00Z,29965.2,29966.4,29962.3,29966.4,93.5
2025-08-15T17:44:00Z,29966.4,29969.3,29964.7,29964.7,93.0
2025-08-15T17:45:00Z,29964.7,29966.4,29960.0,29965.4,93.9
2025-08-15T17:46:00Z,29965.4,29970.2,29962.7,29964.7,93.0
2025-08-15T17:47:00Z,29964.7,29966.9,29963.5,29964.0,93.6
2025-08-15T17:48:00Z,29964.0,29968.4,29960.6,29965.2,94.0
2025-08-15T17:49:00Z,29965.2,29965.8,29961.2,29963.9,95.4
2025-08-15T17:50:00Z,29963.9,29965.2,29960.6,29964.6,95.2
2025-08-15T17:51:00Z,29964.6,29966.9,29963.4,29965.2,95.9
2025-08-15T17:52:00Z,29965.2,29969.9,29964.2,29965.7,97.3
2025-08-15T17:53:00Z,29965.7,29968.5,29962.5,29968.5,97.3
2025-08-15T17:54:00Z,29968.5,29968.6,29966.6,29967.1,99.1
2025-08-15T17:55:00Z,29967.1,29967.2,29965.2,29965.6,99.7
2025-08-15T17:56:00Z,29965.6,29968.3,29963.4,29964.5,100.8
2025-08-15T17:57:00Z,29964.5,29965.3,29959.8,29964.4,99.1
2025-08-15T17:58:00Z,29964.4,29966.4,29962.4,29962.4,97.6
2025-08-15T17:59:00Z,29962.4,29965.0,29957.6,29965.0,98.9
2025-08-15T18:00:00Z,29965.0,29967.6,29962.1,29967.6,98.3
2025-08-15T18:01:00Z,29967.6,29972.1,29963.3,29968.8,98.1
2025-08-15T18:02:00Z,29968.8,29973.4,29968.8,29970.4,98.4
2025-08-15T18:03:00Z,29970.4,29972.1,29966.8,29972.1,98.8
2025-08-15T18:04:00Z,29972.1,29975.5,29968.4,29972.7,99.4
2025-08-15T18:05:00Z,29972.7,29974.2,29969.6,29971.2,98.7
2025-08-15T18:06:00Z,29971.2,29972.8,29969.6,29969.6,99.8
2025-08-15T18:07:00Z,29969.6,29970.1,29965.0,29967.6,98.2
2025-08-15T18:08:00Z,29967.6,29969.6,29965.2,29968.1,96.4
2025-08-15T18:09:00Z,29968.1,29970.8,29965.8,29970.8,97.5
2025-08-15T18:10:00Z,29970.8,29973.2,29969.5,29973.2,96.7
2025-08-15T18:11:00Z,29973.2,29974.6,29970.5,29971.8,96.8
2025-08-15T18:12:00Z,29971.8,29975.1,29969.1,29971.2,97.5
2025-08-15T18:13:00Z,29971.2,29975.9,29969.1,29969.1,97.6
2025-08-15T18:14:00Z,29969.1,29969.8,29967.8,29969.8,97.7
2025-08-15T18:15:00Z,29969.8,29973.4,29967.6,29972.8,98.5
2025-08-15T18:16:00Z,29972.8,29974.2,29971.9,29971.9,98.4
2025-08-15T18:17:00Z,29971.9,29973.6,29969.5,29971.8,99.1
2025-08-15T18:18:00Z,29971.8,29973.4,29967.7,29971.1,98.1
2025-08-15T18:19:00Z,29971.1,29975.2,29966.3,29971.2,96.7

